<?xml version="1.0" encoding="UTF-8"?>
<GenRun Id="impl_1" LaunchPart="xc7z020clg484-1" LaunchTime="1505937162">
  <File Type="PA-TCL" Name="TwosComplement.tcl"/>
  <File Type="POSTPLACE-PWROPT-DCP" Name="TwosComplement_postplace_pwropt.dcp"/>
  <File Type="INIT-TIMING" Name="TwosComplement_timing_summary_init.rpt"/>
  <File Type="OPT-DCP" Name="TwosComplement_opt.dcp"/>
  <File Type="OPT-DRC" Name="TwosComplement_drc_opted.rpt"/>
  <File Type="OPT-METHODOLOGY-DRC" Name="TwosComplement_methodology_drc_opted.rpt"/>
  <File Type="OPT-HWDEF" Name="TwosComplement.hwdef"/>
  <File Type="OPT-TIMING" Name="TwosComplement_timing_summary_opted.rpt"/>
  <File Type="PWROPT-DCP" Name="TwosComplement_pwropt.dcp"/>
  <File Type="PWROPT-DRC" Name="TwosComplement_drc_pwropted.rpt"/>
  <File Type="PWROPT-TIMING" Name="TwosComplement_timing_summary_pwropted.rpt"/>
  <File Type="PLACE-DCP" Name="TwosComplement_placed.dcp"/>
  <File Type="PLACE-IO" Name="TwosComplement_io_placed.rpt"/>
  <File Type="PLACE-CLK" Name="TwosComplement_clock_utilization_placed.rpt"/>
  <File Type="PLACE-UTIL" Name="TwosComplement_utilization_placed.rpt"/>
  <File Type="PLACE-UTIL-PB" Name="TwosComplement_utilization_placed.pb"/>
  <File Type="PLACE-CTRL" Name="TwosComplement_control_sets_placed.rpt"/>
  <File Type="PLACE-SIMILARITY" Name="TwosComplement_incremental_reuse_placed.rpt"/>
  <File Type="PLACE-PRE-SIMILARITY" Name="TwosComplement_incremental_reuse_pre_placed.rpt"/>
  <File Type="PLACE-TIMING" Name="TwosComplement_timing_summary_placed.rpt"/>
  <File Type="RDI-RDI" Name="TwosComplement.vdi"/>
  <File Type="POSTPLACE-PWROPT-TIMING" Name="TwosComplement_timing_summary_postplace_pwropted.rpt"/>
  <File Type="PHYSOPT-DCP" Name="TwosComplement_physopt.dcp"/>
  <File Type="PHYSOPT-DRC" Name="TwosComplement_drc_physopted.rpt"/>
  <File Type="POSTROUTE-PHYSOPT-DCP" Name="TwosComplement_postroute_physopt.dcp"/>
  <File Type="BG-BIT" Name="TwosComplement.bit"/>
  <File Type="ROUTE-DCP" Name="TwosComplement_routed.dcp"/>
  <File Type="POSTROUTE-PHYSOPT-TIMING-PB" Name="TwosComplement_timing_summary_postroute_physopted.pb"/>
  <File Type="BG-BIN" Name="TwosComplement.bin"/>
  <File Type="ROUTE-TIMING-PB" Name="TwosComplement_timing_summary_routed.pb"/>
  <File Type="POSTROUTE-PHYSOPT-TIMING-RPX" Name="TwosComplement_timing_summary_postroute_physopted.rpx"/>
  <File Type="BITSTR-MSK" Name="TwosComplement.msk"/>
  <File Type="ROUTE-TIMING-RPX" Name="TwosComplement_timing_summary_routed.rpx"/>
  <File Type="BITSTR-RBT" Name="TwosComplement.rbt"/>
  <File Type="ROUTE-SIMILARITY" Name="TwosComplement_incremental_reuse_routed.rpt"/>
  <File Type="BITSTR-NKY" Name="TwosComplement.nky"/>
  <File Type="ROUTE-CLK" Name="TwosComplement_clock_utilization_routed.rpt"/>
  <File Type="POSTROUTE-PHYSOPT-BLACKBOX-DCP" Name="TwosComplement_postroute_physopt_bb.dcp"/>
  <File Type="BG-DRC" Name="TwosComplement.drc"/>
  <File Type="ROUTE-BLACKBOX-DCP" Name="TwosComplement_routed_bb.dcp"/>
  <File Type="BITSTR-MMI" Name="TwosComplement.mmi"/>
  <File Type="WBT-USG" Name="usage_statistics_webtalk.html"/>
  <File Type="POSTROUTE-PHYSOPT-TIMING" Name="TwosComplement_timing_summary_postroute_physopted.rpt"/>
  <File Type="BG-BGN" Name="TwosComplement.bgn"/>
  <File Type="ROUTE-TIMINGSUMMARY" Name="TwosComplement_timing_summary_routed.rpt"/>
  <File Type="BITSTR-SYSDEF" Name="TwosComplement.sysdef"/>
  <File Type="BITSTR-BMM" Name="TwosComplement_bd.bmm"/>
  <File Type="ROUTE-STATUS-PB" Name="TwosComplement_route_status.pb"/>
  <File Type="ROUTE-STATUS" Name="TwosComplement_route_status.rpt"/>
  <File Type="ROUTE-PWR-RPX" Name="TwosComplement_power_routed.rpx"/>
  <File Type="ROUTE-PWR-SUM" Name="TwosComplement_power_summary_routed.pb"/>
  <File Type="ROUTE-METHODOLOGY-DRC-RPX" Name="TwosComplement_methodology_drc_routed.rpx"/>
  <File Type="ROUTE-PWR" Name="TwosComplement_power_routed.rpt"/>
  <File Type="ROUTE-DRC-RPX" Name="TwosComplement_drc_routed.rpx"/>
  <File Type="ROUTE-METHODOLOGY-DRC-PB" Name="TwosComplement_methodology_drc_routed.pb"/>
  <File Type="ROUTE-DRC-PB" Name="TwosComplement_drc_routed.pb"/>
  <File Type="ROUTE-METHODOLOGY-DRC" Name="TwosComplement_methodology_drc_routed.rpt"/>
  <File Type="ROUTE-DRC" Name="TwosComplement_drc_routed.rpt"/>
  <File Type="ROUTE-ERROR-DCP" Name="TwosComplement_routed_error.dcp"/>
  <File Type="PHYSOPT-TIMING" Name="TwosComplement_timing_summary_physopted.rpt"/>
  <FileSet Name="sources" Type="DesignSrcs" RelSrcDir="$PSRCDIR/sources_1">
    <Filter Type="Srcs"/>
    <File Path="$PSRCDIR/sources_1/imports/meghana/SwtCombSource.vhd">
      <FileInfo>
        <Attr Name="ImportPath" Val="$PPRDIR/../SwtCombSource.vhd"/>
        <Attr Name="ImportTime" Val="1505331675"/>
        <Attr Name="UsedIn" Val="synthesis"/>
        <Attr Name="UsedIn" Val="simulation"/>
      </FileInfo>
    </File>
    <File Path="$PSRCDIR/sources_1/imports/meghana/SwtCombSource_tb.vhd">
      <FileInfo>
        <Attr Name="AutoDisabled" Val="1"/>
        <Attr Name="ImportPath" Val="$PPRDIR/../SwtCombSource_tb.vhd"/>
        <Attr Name="ImportTime" Val="1505333201"/>
        <Attr Name="UsedIn" Val="synthesis"/>
        <Attr Name="UsedIn" Val="simulation"/>
      </FileInfo>
    </File>
    <Config>
      <Option Name="DesignMode" Val="RTL"/>
      <Option Name="TopModule" Val="TwosComplement"/>
    </Config>
  </FileSet>
  <FileSet Name="constrs_in" Type="Constrs" RelSrcDir="$PSRCDIR/constrs_1">
    <Filter Type="Constrs"/>
    <File Path="$PSRCDIR/constrs_1/imports/meghana/combinationalLogic.xdc">
      <FileInfo>
        <Attr Name="ImportPath" Val="$PPRDIR/../combinationalLogic.xdc"/>
        <Attr Name="ImportTime" Val="1505332077"/>
        <Attr Name="UsedIn" Val="synthesis"/>
        <Attr Name="UsedIn" Val="implementation"/>
      </FileInfo>
    </File>
    <Config>
      <Option Name="ConstrsType" Val="XDC"/>
    </Config>
  </FileSet>
  <Strategy Version="1" Minor="2">
    <StratHandle Name="Vivado Implementation Defaults" Flow="Vivado Implementation 2017"/>
    <Step Id="init_design"/>
    <Step Id="opt_design"/>
    <Step Id="power_opt_design"/>
    <Step Id="place_design"/>
    <Step Id="post_place_power_opt_design"/>
    <Step Id="phys_opt_design"/>
    <Step Id="route_design"/>
    <Step Id="post_route_phys_opt_design"/>
    <Step Id="write_bitstream" PreStepTclHook="/home/meghana/Documents/pre.tcl"/>
  </Strategy>
</GenRun>
