<?xml version="1.0" encoding="UTF-8"?>
<GenRun Id="synth_1" LaunchPart="xc7z020clg484-1" LaunchTime="1505936971">
  <File Type="PA-TCL" Name="TwosComplement.tcl"/>
  <File Type="RDS-RDS" Name="TwosComplement.vds"/>
  <File Type="VDS-TIMINGSUMMARY" Name="TwosComplement_timing_summary_synth.rpt"/>
  <File Type="VDS-TIMING-PB" Name="TwosComplement_timing_summary_synth.pb"/>
  <File Type="RDS-DCP" Name="TwosComplement.dcp"/>
  <File Type="RDS-UTIL-PB" Name="TwosComplement_utilization_synth.pb"/>
  <File Type="RDS-UTIL" Name="TwosComplement_utilization_synth.rpt"/>
  <File Type="RDS-PROPCONSTRS" Name="TwosComplement_drc_synth.rpt"/>
  <FileSet Name="sources" Type="DesignSrcs" RelSrcDir="$PSRCDIR/sources_1">
    <Filter Type="Srcs"/>
    <File Path="$PSRCDIR/sources_1/imports/meghana/SwtCombSource.vhd">
      <FileInfo>
        <Attr Name="ImportPath" Val="$PPRDIR/../SwtCombSource.vhd"/>
        <Attr Name="ImportTime" Val="1505331675"/>
        <Attr Name="UsedIn" Val="synthesis"/>
        <Attr Name="UsedIn" Val="simulation"/>
      </FileInfo>
    </File>
    <File Path="$PSRCDIR/sources_1/imports/meghana/SwtCombSource_tb.vhd">
      <FileInfo>
        <Attr Name="AutoDisabled" Val="1"/>
        <Attr Name="ImportPath" Val="$PPRDIR/../SwtCombSource_tb.vhd"/>
        <Attr Name="ImportTime" Val="1505333201"/>
        <Attr Name="UsedIn" Val="synthesis"/>
        <Attr Name="UsedIn" Val="simulation"/>
      </FileInfo>
    </File>
    <Config>
      <Option Name="DesignMode" Val="RTL"/>
      <Option Name="TopModule" Val="TwosComplement"/>
    </Config>
  </FileSet>
  <FileSet Name="constrs_in" Type="Constrs" RelSrcDir="$PSRCDIR/constrs_1">
    <Filter Type="Constrs"/>
    <File Path="$PSRCDIR/constrs_1/imports/meghana/combinationalLogic.xdc">
      <FileInfo>
        <Attr Name="ImportPath" Val="$PPRDIR/../combinationalLogic.xdc"/>
        <Attr Name="ImportTime" Val="1505332077"/>
        <Attr Name="UsedIn" Val="synthesis"/>
        <Attr Name="UsedIn" Val="implementation"/>
      </FileInfo>
    </File>
    <Config>
      <Option Name="ConstrsType" Val="XDC"/>
    </Config>
  </FileSet>
  <Strategy Version="1" Minor="2">
    <StratHandle Name="Vivado Synthesis Defaults" Flow="Vivado Synthesis 2017"/>
    <Step Id="synth_design"/>
  </Strategy>
</GenRun>
